Rk,Player,Date,Age,Team,,Opp,Result,GS,MP,FG,FGA,FG%,2P,2PA,2P%,3P,3PA,3P%,FT,FTA,FT%,TS%,ORB,DRB,TRB,AST,STL,BLK,TOV,PF,PTS,GmSc,BPM,+/-,Pos.,Player-additional
1,Luka Dončić,2019-10-23,20-237,DAL,,WAS,W 108-100,*,34,12,19,.632,8,10,.800,4,9,.444,6,8,.750,.755,1,8,9,3,2,0,6,4,34,24.3,11.2,0,G-F,doncilu01
2,Luka Dončić,2019-10-25,20-239,DAL,@,NOP,W 123-116,*,38,10,19,.526,7,10,.700,3,9,.333,2,2,1.000,.629,1,9,10,10,2,0,3,1,25,24.7,9.2,12,G-F,doncilu01
3,Luka Dončić,2019-10-27,20-241,DAL,,POR,L 119-121,*,38,8,22,.364,6,11,.545,2,11,.182,11,14,.786,.515,1,11,12,9,3,0,4,4,29,23.3,6.7,5,G-F,doncilu01
4,Luka Dončić,2019-10-29,20-243,DAL,@,DEN,W 109-106,*,33,3,12,.250,2,6,.333,1,6,.167,5,8,.625,.387,2,2,4,5,2,0,4,1,12,6.7,-7.9,-17,G-F,doncilu01
5,Luka Dončić,2019-11-01,20-246,DAL,,LAL,L 110-119 (OT),*,38,10,23,.435,6,14,.429,4,9,.444,7,8,.875,.584,1,12,13,15,0,1,6,3,31,26.8,18.2,-4,G-F,doncilu01
6,Luka Dončić,2019-11-03,20-248,DAL,@,CLE,W 131-111,*,34,9,17,.529,4,7,.571,5,10,.500,6,6,1.000,.738,4,10,14,15,0,0,5,2,29,31.2,16.9,15,G-F,doncilu01
7,Luka Dončić,2019-11-06,20-251,DAL,,ORL,W 107-106,*,37,10,21,.476,9,14,.643,1,7,.143,6,7,.857,.561,2,5,7,7,0,0,6,3,27,16.5,2.2,6,G-F,doncilu01
8,Luka Dončić,2019-11-08,20-253,DAL,,NYK,L 102-106,*,35,13,26,.500,10,15,.667,3,11,.273,9,9,1.000,.634,1,13,14,10,0,0,8,5,38,26.6,11.0,-5,G-F,doncilu01
9,Luka Dončić,2019-11-09,20-254,DAL,@,MEM,W 138-122,*,29,9,16,.563,7,10,.700,2,6,.333,4,5,.800,.659,3,11,14,8,2,0,2,0,24,27.0,14.2,1,G-F,doncilu01
10,Luka Dončić,2019-11-11,20-256,DAL,@,BOS,L 106-116,*,34,11,21,.524,8,11,.727,3,10,.300,9,10,.900,.669,0,6,6,9,0,0,1,2,34,29.6,20.2,-17,G-F,doncilu01
11,Luka Dončić,2019-11-14,20-259,DAL,@,NYK,L 103-106,*,36,10,23,.435,7,11,.636,3,12,.250,10,13,.769,.575,1,9,10,11,3,1,3,1,33,31.1,20.1,-3,G-F,doncilu01
12,Luka Dončić,2019-11-16,20-261,DAL,,TOR,W 110-102,*,36,5,14,.357,4,9,.444,1,5,.200,15,19,.789,.581,3,12,15,7,2,0,7,1,26,21.8,6.7,14,G-F,doncilu01
13,Luka Dončić,2019-11-18,20-263,DAL,,SAS,W 117-110,*,35,14,27,.519,9,14,.643,5,13,.385,9,13,.692,.642,2,9,11,12,0,0,5,5,42,32.6,14.0,11,G-F,doncilu01
14,Luka Dončić,2019-11-20,20-265,DAL,,GSW,W 142-94,*,26,11,18,.611,5,8,.625,6,10,.600,7,8,.875,.813,1,9,10,11,4,0,5,3,35,35.3,30.5,45,G-F,doncilu01
15,Luka Dončić,2019-11-22,20-267,DAL,,CLE,W 143-101,*,28,11,18,.611,7,10,.700,4,8,.500,4,4,1.000,.759,0,7,7,14,0,0,2,2,30,30.9,20.7,21,G-F,doncilu01
16,Luka Dončić,2019-11-24,20-269,DAL,@,HOU,W 137-123,*,34,15,30,.500,10,16,.625,5,14,.357,6,8,.750,.612,0,6,6,10,2,1,5,3,41,30.5,13.4,21,G-F,doncilu01
17,Luka Dončić,2019-11-26,20-271,DAL,,LAC,L 99-114,*,35,4,14,.286,4,6,.667,0,8,.000,14,16,.875,.523,2,6,8,6,3,0,7,4,22,14.8,1.3,-7,G-F,doncilu01
18,Luka Dončić,2019-11-29,20-274,DAL,@,PHO,W 120-113,*,38,12,24,.500,9,13,.692,3,11,.273,15,18,.833,.658,2,7,9,11,1,0,2,4,42,37.4,18.1,3,G-F,doncilu01
19,Luka Dončić,2019-12-01,20-276,DAL,@,LAL,W 114-100,*,33,10,23,.435,6,13,.462,4,10,.400,3,3,1.000,.555,2,7,9,10,3,0,7,1,27,21.0,12.7,5,G-F,doncilu01
20,Luka Dončić,2019-12-03,20-278,DAL,@,NOP,W 118-97,*,28,9,18,.500,4,6,.667,5,12,.417,10,13,.769,.696,2,16,18,5,0,0,4,0,33,28.5,17.6,16,G-F,doncilu01
21,Luka Dončić,2019-12-04,20-279,DAL,,MIN,W 121-114,*,32,8,22,.364,7,14,.500,1,8,.125,5,8,.625,.431,0,7,7,6,0,0,5,2,22,9.1,-10.7,-16,G-F,doncilu01
22,Luka Dončić,2019-12-07,20-282,DAL,,NOP,W 130-84,*,26,8,15,.533,6,7,.857,2,8,.250,8,10,.800,.670,0,6,6,9,1,0,2,2,26,24.2,16.6,28,G-F,doncilu01
23,Luka Dončić,2019-12-08,20-283,DAL,,SAC,L 106-110,*,35,10,24,.417,7,12,.583,3,12,.250,4,5,.800,.515,0,7,7,8,0,0,6,2,27,14.7,-2.8,4,G-F,doncilu01
24,Luka Dončić,2019-12-12,20-287,DAL,@,DET,W 122-111,*,34,14,24,.583,8,11,.727,6,13,.462,7,12,.583,.700,1,11,12,11,0,0,3,2,41,35.7,20.5,29,G-F,doncilu01
25,Luka Dončić,2019-12-14,20-289,DAL,,MIA,L 118-122 (OT),*,2,0,1,.000,0,0,,0,1,.000,2,2,1.000,.532,0,1,1,0,0,0,1,0,2,0.6,-20.2,-4,G-F,doncilu01
26,Luka Dončić,2019-12-26,20-301,DAL,,SAS,W 102-98,*,33,9,23,.391,8,17,.471,1,6,.167,5,8,.625,.452,3,7,10,8,1,0,3,3,24,16.9,4.5,3,G-F,doncilu01
27,Luka Dončić,2019-12-28,20-303,DAL,@,GSW,W 141-121,*,30,8,16,.500,3,8,.375,5,8,.625,10,10,1.000,.760,2,10,12,15,2,0,3,0,31,36.9,22.4,20,G-F,doncilu01
28,Luka Dončić,2019-12-29,20-304,DAL,@,LAL,L 95-108,*,30,5,14,.357,5,8,.625,0,6,.000,9,9,1.000,.529,1,3,4,7,2,0,6,3,19,12.5,2.6,-13,G-F,doncilu01
29,Luka Dončić,2019-12-31,20-306,DAL,@,OKC,L 101-106,*,40,12,29,.414,9,13,.692,3,16,.188,8,12,.667,.511,2,8,10,7,1,0,2,3,35,24.4,11.8,1,G-F,doncilu01
30,Luka Dončić,2020-01-02,20-308,DAL,,BRK,W 123-111,*,34,9,18,.500,4,10,.400,5,8,.625,8,9,.889,.706,4,9,13,7,0,1,4,4,31,27.1,11.6,16,G-F,doncilu01
31,Luka Dončić,2020-01-04,20-310,DAL,,CHO,L 120-123 (OT),*,43,14,32,.438,9,17,.529,5,15,.333,6,6,1.000,.563,2,10,12,10,2,0,5,4,39,29.0,8.7,-5,G-F,doncilu01
32,Luka Dončić,2020-01-06,20-312,DAL,,CHI,W 118-110,*,34,14,24,.583,9,14,.643,5,10,.500,5,9,.556,.680,1,10,11,10,0,1,3,2,38,32.8,16.9,8,G-F,doncilu01
33,Luka Dončić,2020-01-08,20-314,DAL,,DEN,L 106-107,*,37,11,24,.458,10,17,.588,1,7,.143,4,6,.667,.507,2,7,9,10,0,0,6,2,27,17.5,-3.2,7,G-F,doncilu01
34,Luka Dončić,2020-01-10,20-316,DAL,,LAL,L 114-129,*,32,8,19,.421,7,14,.500,1,5,.200,8,13,.615,.506,2,8,10,7,0,0,6,3,25,14.4,-0.4,-13,G-F,doncilu01
35,Luka Dončić,2020-01-11,20-317,DAL,,PHI,W 109-91,*,33,4,15,.267,3,12,.250,1,3,.333,10,12,.833,.468,1,7,8,12,0,0,5,3,19,14.3,0.9,18,G-F,doncilu01
36,Luka Dončić,2020-01-14,20-320,DAL,@,GSW,W 124-97,*,27,8,19,.421,6,10,.600,2,9,.222,2,8,.250,.444,1,7,8,2,1,0,3,3,20,8.5,-6.8,13,G-F,doncilu01
37,Luka Dončić,2020-01-15,20-321,DAL,@,SAC,W 127-123,*,34,8,18,.444,8,13,.615,0,5,.000,9,10,.900,.558,0,15,15,17,0,0,6,3,25,24.4,6.4,9,G-F,doncilu01
38,Luka Dončić,2020-01-17,20-323,DAL,,POR,W 120-112,*,34,11,23,.478,3,11,.273,8,12,.667,5,8,.625,.660,2,6,8,7,1,0,3,2,35,27.4,16.3,6,G-F,doncilu01
39,Luka Dončić,2020-01-21,20-327,DAL,,LAC,L 107-110,*,35,12,26,.462,9,14,.643,3,12,.250,9,14,.643,.560,2,8,10,9,0,2,4,3,36,26.9,14.4,-6,G-F,doncilu01
40,Luka Dončić,2020-01-23,20-329,DAL,@,POR,W 133-125,*,35,11,25,.440,9,14,.643,2,11,.182,3,6,.500,.488,1,5,6,9,2,0,3,4,27,18.6,-2.2,1,G-F,doncilu01
41,Luka Dončić,2020-01-25,20-331,DAL,@,UTA,L 107-112,*,36,11,25,.440,9,15,.600,2,10,.200,1,5,.200,.460,0,6,6,7,2,0,4,2,25,14.2,2.7,0,G-F,doncilu01
42,Luka Dončić,2020-01-27,20-333,DAL,@,OKC,W 107-97,*,33,10,24,.417,5,12,.417,5,12,.417,4,7,.571,.535,2,9,11,5,0,0,0,2,29,21.8,12.5,0,G-F,doncilu01
43,Luka Dončić,2020-01-28,20-334,DAL,,PHO,L 104-133,*,25,7,15,.467,6,11,.545,1,4,.250,6,7,.857,.581,1,5,6,2,1,0,4,2,21,12.7,0.1,-26,G-F,doncilu01
44,Luka Dončić,2020-02-12,20-349,DAL,,SAC,W 130-111,*,31,10,18,.556,7,11,.636,3,7,.429,10,12,.833,.709,1,11,12,8,0,0,4,3,33,28.0,7.8,30,G-F,doncilu01
45,Luka Dončić,2020-02-21,20-358,DAL,@,ORL,W 122-106,*,34,10,21,.476,6,13,.462,4,8,.500,9,12,.750,.628,0,10,10,8,1,1,6,0,33,25.4,8.0,13,G-F,doncilu01
46,Luka Dončić,2020-02-24,20-361,DAL,,MIN,W 139-123,*,25,7,16,.438,6,10,.600,1,6,.167,5,8,.625,.512,2,7,9,7,2,1,3,3,20,17.3,5.7,1,G-F,doncilu01
47,Luka Dončić,2020-02-26,20-363,DAL,@,SAS,W 109-103,*,37,10,25,.400,7,14,.500,3,11,.273,3,4,.750,.486,1,9,10,14,1,0,7,5,26,17.3,1.8,14,G-F,doncilu01
48,Luka Dončić,2020-02-28,21-000,DAL,@,MIA,L 118-126,*,38,7,17,.412,7,11,.636,0,6,.000,9,9,1.000,.549,0,4,4,10,0,0,6,4,23,14.5,-4.6,6,G-F,doncilu01
49,Luka Dončić,2020-03-02,21-003,DAL,@,CHI,L 107-109,*,38,8,20,.400,7,12,.583,1,8,.125,6,9,.667,.480,0,5,5,9,1,0,4,3,23,14.6,-2.8,10,G-F,doncilu01
50,Luka Dončić,2020-03-04,21-005,DAL,,NOP,W 127-123 (OT),*,41,9,20,.450,5,9,.556,4,11,.364,8,13,.615,.583,1,16,17,10,1,1,7,2,30,24.0,3.8,-5,G-F,doncilu01
51,Luka Dončić,2020-03-06,21-007,DAL,,MEM,W 121-96,*,30,7,20,.350,5,12,.417,2,8,.250,5,8,.625,.446,0,4,4,6,2,0,1,1,21,14.6,-0.7,-6,G-F,doncilu01
52,Luka Dončić,2020-03-08,21-009,DAL,,IND,L 109-112,*,36,13,26,.500,9,13,.692,4,13,.308,6,10,.600,.592,1,9,10,8,2,0,3,3,36,28.2,14.2,2,G-F,doncilu01
53,Luka Dončić,2020-03-10,21-011,DAL,@,SAS,L 109-119,*,36,13,26,.500,7,13,.538,6,13,.462,6,7,.857,.653,1,6,7,8,2,0,5,3,38,28.5,13.0,-9,G-F,doncilu01
54,Luka Dončić,2020-03-11,21-012,DAL,,DEN,W 113-97,*,40,10,22,.455,8,14,.571,2,8,.250,6,11,.545,.522,1,5,6,9,2,0,2,2,28,22.3,8.7,3,G-F,doncilu01
55,Luka Dončić,2020-07-31,21-154,DAL,,HOU,L 149-153 (OT),*,42,11,27,.407,10,18,.556,1,9,.111,5,9,.556,.452,2,11,13,10,1,1,8,6,28,14.9,-5.8,0,G-F,doncilu01
56,Luka Dončić,2020-08-02,21-156,DAL,@,PHO,L 115-117,*,38,11,20,.550,11,17,.647,0,3,.000,18,19,.947,.705,0,8,8,11,0,0,6,4,40,32.5,12.0,3,G-F,doncilu01
57,Luka Dončić,2020-08-04,21-158,DAL,@,SAC,W 114-110 (OT),*,44,12,24,.500,10,18,.556,2,6,.333,8,11,.727,.589,4,16,20,12,0,2,6,3,34,31.0,15.5,3,G-F,doncilu01
58,Luka Dončić,2020-08-06,21-160,DAL,,LAC,L 111-126,*,35,10,21,.476,4,8,.500,6,13,.462,3,6,.500,.613,0,3,3,6,0,0,4,2,29,17.4,3.3,-21,G-F,doncilu01
59,Luka Dončić,2020-08-08,21-162,DAL,,MIL,W 136-132 (OT),*,42,12,24,.500,9,15,.600,3,9,.333,9,10,.900,.634,1,13,14,19,1,0,2,1,36,40.1,20.8,12,G-F,doncilu01
60,Luka Dončić,2020-08-11,21-165,DAL,,POR,L 131-134,*,35,8,19,.421,6,11,.545,2,8,.250,7,9,.778,.544,1,7,8,10,0,1,6,1,25,18.2,-1.6,-3,G-F,doncilu01
61,Luka Dončić,2020-08-13,21-167,DAL,@,PHO,L 102-128,*,13,5,9,.556,4,7,.571,1,2,.500,7,7,1.000,.745,1,4,5,0,1,0,1,2,18,14.8,21.5,-2,G-F,doncilu01
62,Luka Dončić,2020-12-23,21-299,DAL,@,PHO,L 102-106,*,36,11,26,.423,11,20,.550,0,6,.000,10,12,.833,.512,2,6,8,5,0,0,1,2,32,22.3,7.0,-9,G-F,doncilu01
63,Luka Dončić,2020-12-25,21-301,DAL,@,LAL,L 115-138,*,34,9,19,.474,7,14,.500,2,5,.400,7,8,.875,.599,0,4,4,7,0,1,3,0,27,20.7,1.9,-14,G-F,doncilu01
64,Luka Dončić,2020-12-27,21-303,DAL,@,LAC,W 124-73,*,26,8,18,.444,8,13,.615,0,5,.000,8,9,.889,.546,0,9,9,8,1,0,2,0,24,21.5,10.8,29,G-F,doncilu01
65,Luka Dončić,2020-12-30,21-306,DAL,,CHO,L 99-118,*,24,4,10,.400,4,5,.800,0,5,.000,4,7,.571,.459,0,2,2,5,2,0,3,3,12,7.3,-4.0,-27,G-F,doncilu01
66,Luka Dončić,2021-01-01,21-308,DAL,,MIA,W 93-83,*,36,9,22,.409,6,12,.500,3,10,.300,6,9,.667,.520,1,14,15,7,0,1,5,2,27,18.7,7.7,12,G-F,doncilu01
67,Luka Dončić,2021-01-04,21-311,DAL,@,HOU,W 113-100,*,38,12,25,.480,9,15,.600,3,10,.300,6,6,1.000,.597,2,14,16,11,0,0,8,3,33,24.4,5.0,28,G-F,doncilu01
68,Luka Dončić,2021-01-07,21-314,DAL,@,DEN,W 124-117 (OT),*,43,13,22,.591,11,15,.733,2,7,.286,10,15,.667,.664,0,9,9,13,5,1,8,0,38,35.3,13.4,14,G-F,doncilu01
69,Luka Dončić,2021-01-09,21-316,DAL,,ORL,W 112-98,*,35,7,20,.350,4,11,.364,3,9,.333,3,3,1.000,.469,1,9,10,10,1,2,6,1,20,15.2,-0.8,0,G-F,doncilu01
70,Luka Dončić,2021-01-13,21-320,DAL,@,CHO,W 104-93,*,35,14,25,.560,9,16,.563,5,9,.556,1,2,.500,.657,2,11,13,9,2,4,4,3,34,32.3,24.6,14,G-F,doncilu01
71,Luka Dončić,2021-01-15,21-322,DAL,@,MIL,L 109-112,*,36,12,24,.500,11,17,.647,1,7,.143,3,7,.429,.517,0,10,10,13,0,0,3,4,28,21.9,7.2,-2,G-F,doncilu01
72,Luka Dončić,2021-01-17,21-324,DAL,,CHI,L 101-117,*,38,13,30,.433,7,19,.368,6,11,.545,4,6,.667,.551,6,10,16,15,2,0,5,2,36,33.3,21.5,-7,G-F,doncilu01
73,Luka Dončić,2021-01-18,21-325,DAL,@,TOR,L 93-116,*,35,4,11,.364,4,8,.500,0,3,.000,7,8,.875,.517,2,5,7,9,0,0,3,0,15,14.7,2.1,-10,G-F,doncilu01
74,Luka Dončić,2021-01-20,21-327,DAL,@,IND,W 124-112,*,38,5,15,.333,5,12,.417,0,3,.000,3,4,.750,.388,0,12,12,12,0,1,3,0,13,13.8,-2.1,11,G-F,doncilu01
75,Luka Dončić,2021-01-22,21-329,DAL,@,SAS,W 122-117,*,36,13,28,.464,9,16,.563,4,12,.333,6,6,1.000,.587,0,9,9,11,0,0,2,5,36,28.0,9.5,-6,G-F,doncilu01
76,Luka Dončić,2021-01-23,21-330,DAL,,HOU,L 108-133,*,29,9,18,.500,8,12,.667,1,6,.167,7,12,.583,.558,0,5,5,8,0,1,3,0,26,19.8,7.1,-15,G-F,doncilu01
77,Luka Dončić,2021-01-25,21-332,DAL,,DEN,L 113-117,*,39,11,23,.478,8,15,.533,3,8,.375,10,10,1.000,.639,2,9,11,16,4,1,5,3,35,37.1,20.4,8,G-F,doncilu01
78,Luka Dončić,2021-01-27,21-334,DAL,@,UTA,L 104-116,*,34,13,24,.542,11,17,.647,2,7,.286,2,2,1.000,.603,0,4,4,6,1,0,4,1,30,20.4,6.0,-7,G-F,doncilu01
79,Luka Dončić,2021-01-29,21-336,DAL,@,UTA,L 101-120,*,32,8,17,.471,6,11,.545,2,6,.333,7,10,.700,.584,0,6,6,7,1,0,2,2,25,20.0,10.2,-27,G-F,doncilu01
80,Luka Dončić,2021-01-30,21-337,DAL,,PHO,L 105-111,*,33,12,22,.545,9,15,.600,3,7,.429,2,4,.500,.610,0,8,8,7,0,0,4,3,29,19.7,6.4,2,G-F,doncilu01
81,Luka Dončić,2021-02-01,21-339,DAL,,PHO,L 108-109,*,38,7,19,.368,6,15,.400,1,4,.250,10,11,.909,.524,0,5,5,8,1,2,4,2,25,18.8,4.4,8,G-F,doncilu01
82,Luka Dončić,2021-02-03,21-341,DAL,@,ATL,W 122-116,*,38,8,20,.400,7,15,.467,1,5,.200,10,10,1.000,.553,1,7,8,14,2,1,4,1,27,27.1,9.5,3,G-F,doncilu01
83,Luka Dončić,2021-02-04,21-342,DAL,,GSW,L 116-147,*,32,8,20,.400,5,13,.385,3,7,.429,8,9,.889,.563,2,4,6,6,1,0,5,3,27,17.4,-1.0,-28,G-F,doncilu01
84,Luka Dončić,2021-02-06,21-344,DAL,,GSW,W 134-132,*,38,12,23,.522,5,11,.455,7,12,.583,11,14,.786,.720,1,6,7,11,1,0,7,3,42,32.5,12.9,18,G-F,doncilu01
85,Luka Dončić,2021-02-08,21-346,DAL,,MIN,W 127-122,*,37,9,22,.409,8,15,.533,1,7,.143,7,9,.778,.501,0,8,8,5,1,0,7,4,26,11.7,-11.5,4,G-F,doncilu01
86,Luka Dončić,2021-02-10,21-348,DAL,,ATL,W 118-117,*,37,9,18,.500,7,11,.636,2,7,.286,8,10,.800,.625,0,10,10,10,1,2,5,4,28,24.0,7.4,9,G-F,doncilu01
87,Luka Dončić,2021-02-12,21-350,DAL,,NOP,W 143-130,*,40,17,30,.567,12,22,.545,5,8,.625,7,9,.778,.677,1,7,8,12,1,1,3,4,46,39.3,9.5,13,G-F,doncilu01
88,Luka Dončić,2021-02-14,21-352,DAL,,POR,L 118-121,*,36,14,20,.700,9,12,.750,5,8,.625,11,12,.917,.870,1,6,7,9,0,0,5,4,44,37.4,19.4,-10,G-F,doncilu01
89,Luka Dončić,2021-02-22,21-360,DAL,,MEM,W 102-92,*,33,8,18,.444,5,8,.625,3,10,.300,2,9,.222,.478,0,7,7,5,2,1,4,1,21,12.7,4.3,5,G-F,doncilu01
90,Luka Dončić,2021-02-23,21-361,DAL,,BOS,W 110-107,*,38,11,23,.478,5,15,.333,6,8,.750,3,4,.750,.626,2,8,10,8,1,0,3,0,31,26.3,14.5,5,G-F,doncilu01
91,Luka Dončić,2021-02-25,21-363,DAL,@,PHI,L 97-111,*,29,6,13,.462,3,7,.429,3,6,.500,4,6,.667,.607,0,3,3,4,0,3,7,2,19,9.5,0.7,-20,G-F,doncilu01
92,Luka Dončić,2021-02-27,21-365,DAL,@,BRK,W 115-98,*,34,11,21,.524,8,11,.727,3,10,.300,2,6,.333,.571,0,6,6,7,2,0,1,2,27,22.0,6.8,21,G-F,doncilu01
93,Luka Dončić,2021-03-01,22-001,DAL,@,ORL,W 130-124,*,37,12,22,.545,7,12,.583,5,10,.500,4,6,.667,.670,1,9,10,9,0,0,4,0,33,27.3,4.6,5,G-F,doncilu01
94,Luka Dončić,2021-03-10,22-010,DAL,,SAS,W 115-104,*,39,9,20,.450,7,10,.700,2,10,.200,2,3,.667,.516,1,11,12,12,0,0,6,4,22,16.0,-0.9,18,G-F,doncilu01
95,Luka Dončić,2021-03-13,22-013,DAL,@,DEN,W 116-103,*,33,7,16,.438,4,6,.667,3,10,.300,4,6,.667,.563,0,5,5,12,0,0,3,3,21,17.5,5.7,9,G-F,doncilu01
96,Luka Dončić,2021-03-15,22-015,DAL,,LAC,L 99-109,*,38,9,23,.391,5,12,.417,4,11,.364,3,4,.750,.505,0,10,10,16,2,0,7,5,25,19.3,4.2,-2,G-F,doncilu01
97,Luka Dončić,2021-03-17,22-017,DAL,,LAC,W 105-89,*,43,16,28,.571,10,17,.588,6,11,.545,4,5,.800,.695,1,5,6,9,3,2,4,2,42,36.5,22.1,29,G-F,doncilu01
98,Luka Dončić,2021-03-19,22-019,DAL,@,POR,L 119-125,*,39,15,27,.556,11,14,.786,4,13,.308,4,5,.800,.651,0,9,9,9,1,0,4,1,38,30.3,5.2,-3,G-F,doncilu01
99,Luka Dončić,2021-03-21,22-021,DAL,@,POR,W 132-92,*,30,13,19,.684,5,10,.500,8,9,.889,3,6,.500,.855,2,5,7,4,0,0,5,2,37,27.6,17.2,24,G-F,doncilu01
100,Luka Dončić,2021-03-24,22-024,DAL,@,MIN,W 128-108,*,27,6,16,.375,4,7,.571,2,9,.222,1,2,.500,.444,0,4,4,4,1,1,4,1,15,7.1,-5.9,7,G-F,doncilu01
101,Luka Dončić,2021-03-29,22-029,DAL,@,OKC,W 127-106,*,28,9,17,.529,5,7,.714,4,10,.400,3,4,.750,.666,0,3,3,7,2,0,3,3,25,19.9,7.8,6,G-F,doncilu01
102,Luka Dončić,2021-03-31,22-031,DAL,@,BOS,W 113-108,*,35,11,15,.733,4,4,1.000,7,11,.636,7,11,.636,.907,0,8,8,5,0,0,8,3,36,25.0,10.2,-2,G-F,doncilu01
103,Luka Dončić,2021-04-02,22-033,DAL,@,NYK,W 99-86,*,35,11,23,.478,8,15,.533,3,8,.375,1,4,.250,.525,0,8,8,7,1,0,5,2,26,15.6,5.4,-7,G-F,doncilu01
104,Luka Dončić,2021-04-03,22-034,DAL,@,WAS,W 109-87,*,32,12,24,.500,11,16,.688,1,8,.125,1,4,.250,.505,1,7,8,6,1,1,4,3,26,16.3,4.9,14,G-F,doncilu01
105,Luka Dončić,2021-04-05,22-036,DAL,,UTA,W 111-103,*,36,11,26,.423,5,15,.333,6,11,.545,3,3,1.000,.567,2,7,9,8,0,0,4,2,31,21.5,8.6,4,G-F,doncilu01
106,Luka Dončić,2021-04-07,22-038,DAL,@,HOU,L 93-102,*,37,9,26,.346,8,17,.471,1,9,.111,4,5,.800,.408,2,7,9,5,1,1,5,5,23,9.7,-3.7,-7,G-F,doncilu01
107,Luka Dončić,2021-04-08,22-039,DAL,,MIL,W 116-101,*,37,11,20,.550,8,12,.667,3,8,.375,2,5,.400,.608,0,9,9,9,0,1,4,3,27,20.7,6.9,18,G-F,doncilu01
108,Luka Dončić,2021-04-11,22-042,DAL,,SAS,L 117-119,*,35,10,17,.588,8,9,.889,2,8,.250,7,8,.875,.707,0,3,3,7,1,0,5,2,29,21.7,6.2,-6,G-F,doncilu01
109,Luka Dončić,2021-04-12,22-043,DAL,,PHI,L 95-113,*,33,10,20,.500,8,13,.615,2,7,.286,10,11,.909,.644,2,2,4,4,1,1,4,0,32,24.1,13.7,-17,G-F,doncilu01
110,Luka Dončić,2021-04-14,22-045,DAL,@,MEM,W 114-113,*,34,10,20,.500,7,10,.700,3,10,.300,6,9,.667,.605,0,5,5,9,2,1,3,4,29,23.7,11.3,-4,G-F,doncilu01
111,Luka Dončić,2021-04-16,22-047,DAL,,NYK,L 109-117,*,38,7,16,.438,5,7,.714,2,9,.222,6,10,.600,.539,0,8,8,19,0,1,3,3,22,24.2,9.9,5,G-F,doncilu01
112,Luka Dončić,2021-04-18,22-049,DAL,,SAC,L 107-121,*,36,14,27,.519,10,14,.714,4,13,.308,5,10,.500,.589,2,6,8,4,1,3,4,5,37,24.8,10.5,-20,G-F,doncilu01
113,Luka Dončić,2021-04-21,22-052,DAL,,DET,W 127-117,*,33,10,22,.455,6,11,.545,4,11,.364,6,10,.600,.568,2,8,10,9,2,0,3,2,30,25.3,9.8,10,G-F,doncilu01
114,Luka Dončić,2021-04-22,22-053,DAL,,LAL,W 115-110,*,36,9,21,.429,6,12,.500,3,9,.333,9,11,.818,.580,1,8,9,8,3,0,5,5,30,22.8,5.5,-4,G-F,doncilu01
115,Luka Dončić,2021-04-24,22-055,DAL,,LAL,W 108-93,*,39,6,15,.400,4,9,.444,2,6,.333,4,5,.800,.523,0,8,8,13,0,0,6,1,18,14.6,1.4,26,G-F,doncilu01
116,Luka Dončić,2021-04-26,22-057,DAL,@,SAC,L 106-113,*,38,8,20,.400,4,8,.500,4,12,.333,4,6,.667,.530,0,8,8,8,0,0,4,2,24,15.6,-0.4,-19,G-F,doncilu01
117,Luka Dončić,2021-04-27,22-058,DAL,@,GSW,W 133-103,*,28,15,23,.652,11,13,.846,4,10,.400,5,5,1.000,.774,2,4,6,8,2,0,7,3,39,30.9,18.3,29,G-F,doncilu01
118,Luka Dončić,2021-05-01,22-062,DAL,,WAS,W 125-124,*,39,12,23,.522,11,17,.647,1,6,.167,6,11,.545,.557,2,10,12,20,0,0,1,4,31,33.5,11.6,6,G-F,doncilu01
119,Luka Dončić,2021-05-02,22-063,DAL,,SAC,L 99-111,*,36,11,22,.500,10,15,.667,1,7,.143,7,8,.875,.588,0,6,6,6,2,0,6,4,30,19.0,2.8,4,G-F,doncilu01
120,Luka Dončić,2021-05-04,22-065,DAL,@,MIA,W 127-113,*,30,8,15,.533,3,5,.600,5,10,.500,2,5,.400,.669,1,11,12,8,0,0,7,1,23,16.7,0.6,20,G-F,doncilu01
121,Luka Dončić,2021-05-06,22-067,DAL,,BRK,W 113-109,*,36,7,22,.318,2,9,.222,5,13,.385,5,10,.500,.455,1,9,10,8,2,0,6,0,24,14.4,0.5,7,G-F,doncilu01
122,Luka Dončić,2021-05-07,22-068,DAL,,CLE,W 110-90,*,23,8,17,.471,7,12,.583,1,5,.200,7,7,1.000,.598,1,7,8,1,0,1,3,4,24,14.9,0.6,7,G-F,doncilu01
123,Luka Dončić,2021-05-09,22-070,DAL,@,CLE,W 124-97,*,22,5,11,.455,5,9,.556,0,2,.000,5,7,.714,.533,1,4,5,5,2,0,1,2,15,14.1,3.3,4,G-F,doncilu01
124,Luka Dončić,2021-05-11,22-072,DAL,@,MEM,L 104-133,*,26,4,16,.250,4,12,.333,0,4,.000,4,4,1.000,.338,1,4,5,5,0,0,5,1,12,2.4,-19.3,-23,G-F,doncilu01
125,Luka Dončić,2021-05-12,22-073,DAL,,NOP,W 125-107,*,31,12,24,.500,5,9,.556,7,15,.467,2,2,1.000,.663,1,7,8,8,0,0,4,1,33,25.0,14.2,24,G-F,doncilu01
126,Luka Dončić,2021-05-14,22-075,DAL,,TOR,W 114-110,*,34,7,19,.368,6,11,.545,1,8,.125,5,5,1.000,.472,1,9,10,11,0,1,1,4,20,18.7,3.4,-5,G-F,doncilu01
127,Luka Dončić,2021-05-16,22-077,DAL,@,MIN,L 121-136,*,21,6,13,.462,4,6,.667,2,7,.286,4,5,.800,.592,0,6,6,6,2,0,4,1,18,14.5,5.2,-15,G-F,doncilu01
128,Luka Dončić,2021-10-21,22-235,DAL,@,ATL,L 87-113,*,35,6,17,.353,4,10,.400,2,7,.286,4,4,1.000,.480,0,11,11,7,1,0,5,1,18,12.3,2.0,-24,G-F,doncilu01
129,Luka Dončić,2021-10-23,22-237,DAL,@,TOR,W 103-95,*,39,11,24,.458,9,14,.643,2,10,.200,3,5,.600,.515,0,9,9,12,0,1,5,3,27,19.4,6.5,1,G-F,doncilu01
130,Luka Dončić,2021-10-26,22-240,DAL,,HOU,W 116-106,*,34,10,25,.400,9,19,.474,1,6,.167,5,5,1.000,.478,2,12,14,7,2,1,4,3,26,19.9,3.4,15,G-F,doncilu01
131,Luka Dončić,2021-10-28,22-242,DAL,,SAS,W 104-99,*,34,11,19,.579,8,11,.727,3,8,.375,0,3,.000,.615,0,3,3,5,0,1,7,3,25,11.8,0.1,-19,G-F,doncilu01
132,Luka Dončić,2021-10-29,22-243,DAL,@,DEN,L 75-106,*,26,5,18,.278,4,14,.286,1,4,.250,5,5,1.000,.396,0,6,6,4,2,0,2,1,16,9.6,4.7,-32,G-F,doncilu01
133,Luka Dončić,2021-10-31,22-245,DAL,,SAC,W 105-99,*,35,10,21,.476,9,14,.643,1,7,.143,2,6,.333,.486,0,8,8,10,1,1,3,3,23,17.6,5.4,5,G-F,doncilu01
134,Luka Dončić,2021-11-02,22-247,DAL,,MIA,L 110-125,*,36,10,24,.417,7,15,.467,3,9,.333,10,12,.833,.564,2,1,3,5,0,0,3,2,33,20.8,4.8,-13,G-F,doncilu01
135,Luka Dončić,2021-11-03,22-248,DAL,@,SAS,W 109-108,*,36,10,25,.400,7,13,.538,3,12,.250,0,2,.000,.444,0,12,12,7,2,0,4,1,23,14.8,3.6,-17,G-F,doncilu01
136,Luka Dončić,2021-11-06,22-251,DAL,,BOS,W 107-104,*,35,12,21,.571,7,11,.636,5,10,.500,4,4,1.000,.725,1,8,9,5,0,1,6,4,33,22.8,8.1,10,G-F,doncilu01
137,Luka Dončić,2021-11-08,22-253,DAL,,NOP,W 108-92,*,33,10,21,.476,8,16,.500,2,5,.400,3,5,.600,.539,2,3,5,5,1,1,5,3,25,14.8,-0.7,-2,G-F,doncilu01
138,Luka Dončić,2021-11-10,22-255,DAL,@,CHI,L 107-117,*,33,6,18,.333,5,12,.417,1,6,.167,7,10,.700,.446,1,7,8,10,4,1,4,0,20,19.1,7.2,-20,G-F,doncilu01
139,Luka Dončić,2021-11-12,22-257,DAL,@,SAS,W 123-109,*,36,11,23,.478,5,10,.500,6,13,.462,4,8,.500,.603,0,12,12,15,2,0,2,2,32,32.0,18.6,6,G-F,doncilu01
140,Luka Dončić,2021-11-15,22-260,DAL,,DEN,W 111-101,*,38,9,23,.391,7,16,.438,2,7,.286,3,5,.600,.456,1,7,8,11,2,1,4,3,23,17.7,3.5,4,G-F,doncilu01
141,Luka Dončić,2021-11-23,22-268,DAL,@,LAC,W 112-104 (OT),*,41,9,21,.429,5,10,.500,4,11,.364,4,4,1.000,.571,1,8,9,9,1,2,6,4,26,19.1,6.5,7,G-F,doncilu01
142,Luka Dončić,2021-11-27,22-272,DAL,,WAS,L 114-120,*,37,13,25,.520,10,16,.625,3,9,.333,4,7,.571,.588,0,4,4,10,0,0,4,3,33,22.5,4.5,-11,G-F,doncilu01
143,Luka Dončić,2021-11-29,22-274,DAL,,CLE,L 96-114,*,33,9,21,.429,2,10,.200,7,11,.636,0,4,.000,.549,2,8,10,10,1,0,4,2,25,19.3,12.2,-20,G-F,doncilu01
144,Luka Dončić,2021-12-01,22-276,DAL,@,NOP,W 139-107,*,27,11,16,.688,9,11,.818,2,5,.400,4,4,1.000,.788,1,3,4,14,1,0,8,1,28,25.2,11.4,29,G-F,doncilu01
145,Luka Dončić,2021-12-03,22-278,DAL,,NOP,L 91-107,*,35,7,20,.350,7,14,.500,0,6,.000,7,9,.778,.438,1,9,10,7,0,0,7,4,21,8.7,-6.0,-10,G-F,doncilu01
146,Luka Dončić,2021-12-07,22-282,DAL,,BRK,L 99-102,*,37,9,21,.429,6,10,.600,3,11,.273,7,8,.875,.571,1,5,6,9,0,0,1,5,28,22.0,11.7,-2,G-F,doncilu01
147,Luka Dončić,2021-12-08,22-283,DAL,@,MEM,W 104-96,*,36,10,19,.526,5,9,.556,5,10,.500,1,2,.500,.654,0,8,8,7,1,0,9,1,26,15.2,3.5,18,G-F,doncilu01
148,Luka Dončić,2021-12-10,22-285,DAL,@,IND,L 93-106,*,37,11,25,.440,10,17,.588,1,8,.125,4,4,1.000,.504,2,7,9,9,1,1,3,4,27,20.8,9.2,-9,G-F,doncilu01
149,Luka Dončić,2022-01-02,22-308,DAL,@,OKC,W 95-86,*,31,6,14,.429,4,8,.500,2,6,.333,0,0,,.500,0,9,9,10,1,0,7,1,14,9.9,-1.1,-4,G-F,doncilu01
150,Luka Dončić,2022-01-03,22-309,DAL,,DEN,W 103-89,*,34,7,18,.389,6,12,.500,1,6,.167,6,8,.750,.488,0,8,8,15,4,0,3,5,21,22.3,13.9,25,G-F,doncilu01
151,Luka Dončić,2022-01-05,22-311,DAL,,GSW,W 99-82,*,34,7,18,.389,5,10,.500,2,8,.250,10,12,.833,.558,0,7,7,8,2,0,6,1,26,18.7,10.2,2,G-F,doncilu01
152,Luka Dončić,2022-01-09,22-315,DAL,,CHI,W 113-99,*,35,8,23,.348,6,17,.353,2,6,.333,4,4,1.000,.444,0,14,14,14,0,0,4,1,22,18.7,2.5,26,G-F,doncilu01
153,Luka Dončić,2022-01-12,22-318,DAL,@,NYK,L 85-108,*,36,8,23,.348,7,14,.500,1,9,.111,4,6,.667,.410,1,10,11,5,2,0,6,2,21,9.7,-3.0,-24,G-F,doncilu01
154,Luka Dončić,2022-01-14,22-320,DAL,@,MEM,W 112-85,*,32,12,22,.545,12,16,.750,0,6,.000,3,4,.750,.568,1,12,13,10,0,0,6,2,27,20.5,7.3,12,G-F,doncilu01
155,Luka Dončić,2022-01-15,22-321,DAL,,ORL,W 108-92,*,31,7,19,.368,6,13,.462,1,6,.167,8,9,.889,.501,1,8,9,3,0,0,1,3,23,15.1,0.2,20,G-F,doncilu01
156,Luka Dončić,2022-01-17,22-323,DAL,,OKC,W 104-102,*,39,4,17,.235,4,11,.364,0,6,.000,12,14,.857,.432,2,9,11,12,3,3,2,2,20,23.7,10.3,12,G-F,doncilu01
157,Luka Dončić,2022-01-19,22-325,DAL,,TOR,W 102-98,*,42,13,24,.542,9,14,.643,4,10,.400,11,12,.917,.700,2,12,14,7,1,0,4,2,41,35.1,16.7,7,G-F,doncilu01
158,Luka Dončić,2022-01-20,22-326,DAL,,PHO,L 101-109,*,38,9,23,.391,7,14,.500,2,9,.222,8,11,.727,.503,1,7,8,8,1,0,8,1,28,15.3,2.9,-7,G-F,doncilu01
159,Luka Dončić,2022-01-23,22-329,DAL,,MEM,W 104-91,*,38,13,25,.520,11,18,.611,2,7,.286,9,12,.750,.611,2,9,11,9,3,1,5,2,37,31.8,15.4,15,G-F,doncilu01
160,Luka Dončić,2022-01-25,22-331,DAL,@,GSW,L 92-130,*,27,7,17,.412,3,10,.300,4,7,.571,7,7,1.000,.623,1,7,8,3,0,0,2,3,25,17.6,10.0,-19,G-F,doncilu01
161,Luka Dončić,2022-01-26,22-332,DAL,@,POR,W 132-112,*,37,4,11,.364,2,5,.400,2,6,.333,5,8,.625,.517,0,10,10,15,1,0,3,1,15,18.8,3.6,11,G-F,doncilu01
162,Luka Dončić,2022-01-29,22-335,DAL,,IND,W 132-105,*,32,12,21,.571,8,12,.667,4,9,.444,2,7,.286,.623,1,5,6,12,1,2,1,0,30,30.1,19.8,34,G-F,doncilu01
163,Luka Dončić,2022-01-30,22-336,DAL,@,ORL,L 108-110,*,38,13,22,.591,9,13,.692,4,9,.444,4,6,.667,.690,0,12,12,11,1,0,6,3,34,28.1,11.0,11,G-F,doncilu01
164,Luka Dončić,2022-02-02,22-339,DAL,,OKC,L 114-120 (OT),*,43,16,33,.485,11,20,.550,5,13,.385,3,4,.750,.575,1,5,6,10,3,0,3,3,40,30.9,11.3,-17,G-F,doncilu01
165,Luka Dončić,2022-02-04,22-341,DAL,,PHI,W 107-98,*,40,13,28,.464,12,22,.545,1,6,.167,6,9,.667,.516,3,10,13,15,2,0,3,1,33,31.6,17.7,19,G-F,doncilu01
166,Luka Dončić,2022-02-06,22-343,DAL,,ATL,W 103-94,*,28,6,17,.353,5,14,.357,1,3,.333,5,6,.833,.458,3,7,10,11,1,0,1,5,18,18.0,11.5,10,G-F,doncilu01
167,Luka Dončić,2022-02-08,22-345,DAL,,DET,W 116-86,*,33,9,18,.500,4,9,.444,5,9,.556,10,14,.714,.683,0,7,7,11,1,2,5,3,33,28.4,16.3,35,G-F,doncilu01
168,Luka Dončić,2022-02-10,22-347,DAL,,LAC,W 112-105,*,40,17,26,.654,10,12,.833,7,14,.500,10,14,.714,.793,0,9,9,6,1,1,7,4,51,38.0,19.6,9,G-F,doncilu01
169,Luka Dončić,2022-02-12,22-349,DAL,,LAC,L 97-99,*,39,15,33,.455,9,20,.450,6,13,.462,9,13,.692,.581,0,15,15,8,0,0,7,2,45,28.6,14.8,8,G-F,doncilu01
170,Luka Dončić,2022-02-15,22-352,DAL,@,MIA,W 107-99,*,38,5,19,.263,3,12,.250,2,7,.286,9,12,.750,.432,1,9,10,6,0,1,3,3,21,12.6,-4.6,3,G-F,doncilu01
171,Luka Dončić,2022-02-17,22-354,DAL,@,NOP,W 125-118,*,38,17,35,.486,10,21,.476,7,14,.500,8,12,.667,.608,1,14,15,8,0,1,5,3,49,34.7,9.3,21,G-F,doncilu01
172,Luka Dončić,2022-02-25,22-362,DAL,@,UTA,L 109-114,*,35,8,24,.333,5,15,.333,3,9,.333,4,4,1.000,.446,2,5,7,11,1,0,4,5,23,15.0,0.2,-16,G-F,doncilu01
173,Luka Dončić,2022-02-27,22-364,DAL,@,GSW,W 107-101,*,37,10,21,.476,7,12,.583,3,9,.333,11,12,.917,.647,1,10,11,2,2,1,9,2,34,20.9,3.6,-5,G-F,doncilu01
174,Luka Dončić,2022-03-01,23-001,DAL,@,LAL,W 109-104,*,38,9,21,.429,9,16,.563,0,5,.000,7,11,.636,.484,1,7,8,5,1,2,6,1,25,14.6,-3.6,-4,G-F,doncilu01
175,Luka Dončić,2022-03-03,23-003,DAL,,GSW,W 122-113,*,40,15,26,.577,11,16,.688,4,10,.400,7,9,.778,.684,2,8,10,9,2,0,6,1,41,33.7,12.0,8,G-F,doncilu01
176,Luka Dončić,2022-03-07,23-007,DAL,,UTA,W 111-103,*,38,12,23,.522,7,12,.583,5,11,.455,6,7,.857,.671,1,15,16,7,3,1,3,3,35,32.9,20.4,5,G-F,doncilu01
177,Luka Dončić,2022-03-09,23-009,DAL,,NYK,L 77-107,*,34,12,25,.480,9,14,.643,3,11,.273,4,7,.571,.552,3,3,6,4,1,1,2,3,31,21.4,20.1,-19,G-F,doncilu01
178,Luka Dončić,2022-03-11,23-011,DAL,@,HOU,W 113-100,*,36,9,19,.474,4,8,.500,5,11,.455,7,10,.700,.641,1,13,14,6,0,2,5,1,30,23.9,10.6,16,G-F,doncilu01
179,Luka Dončić,2022-03-13,23-013,DAL,@,BOS,W 95-92,*,39,8,16,.500,4,6,.667,4,10,.400,6,6,1.000,.697,0,8,8,8,3,0,5,0,26,24.0,15.0,7,G-F,doncilu01
180,Luka Dončić,2022-03-16,23-016,DAL,@,BRK,W 113-111,*,39,14,26,.538,9,14,.643,5,12,.417,4,4,1.000,.666,0,9,9,9,2,1,4,2,37,31.3,16.6,-4,G-F,doncilu01
181,Luka Dončić,2022-03-18,23-018,DAL,@,PHI,L 101-111,*,35,5,20,.250,3,10,.300,2,10,.200,5,9,.556,.355,1,6,7,10,0,1,6,0,17,7.6,-5.7,-15,G-F,doncilu01
182,Luka Dončić,2022-03-19,23-019,DAL,@,CHO,L 108-129,*,30,13,20,.650,5,8,.625,8,12,.667,3,5,.600,.833,0,4,4,3,0,0,4,2,37,25.9,18.8,-30,G-F,doncilu01
183,Luka Dončić,2022-03-21,23-021,DAL,,MIN,W 110-108,*,38,5,17,.294,2,6,.333,3,11,.273,2,4,.500,.400,0,6,6,10,1,0,8,4,15,4.5,-9.1,-7,G-F,doncilu01
184,Luka Dončić,2022-03-25,23-025,DAL,@,MIN,L 95-116,*,37,8,18,.444,3,7,.429,5,11,.455,3,5,.600,.594,0,10,10,8,1,0,3,0,24,20.4,11.1,-22,G-F,doncilu01
185,Luka Dončić,2022-03-27,23-027,DAL,,UTA,W 114-100,*,33,11,21,.524,7,14,.500,4,7,.571,6,9,.667,.641,1,9,10,5,0,0,3,3,32,23.2,7.0,9,G-F,doncilu01
186,Luka Dončić,2022-03-29,23-029,DAL,,LAL,W 128-110,*,30,12,23,.522,8,11,.727,4,12,.333,6,7,.857,.652,3,9,12,12,1,0,1,1,34,35.1,23.6,21,G-F,doncilu01
187,Luka Dončić,2022-03-30,23-030,DAL,@,CLE,W 120-112,*,38,14,26,.538,11,20,.550,3,6,.500,4,4,1.000,.630,0,9,9,13,1,2,3,1,35,33.2,15.3,14,G-F,doncilu01
188,Luka Dončić,2022-04-01,23-032,DAL,@,WAS,L 103-135,*,36,11,22,.500,7,13,.538,4,9,.444,10,10,1.000,.682,0,7,7,6,0,1,5,3,36,25.8,8.5,-22,G-F,doncilu01
189,Luka Dončić,2022-04-03,23-034,DAL,@,MIL,W 118-112,*,39,9,22,.409,6,13,.462,3,9,.333,11,14,.786,.568,0,8,8,15,3,0,6,2,32,28.1,8.6,8,G-F,doncilu01
190,Luka Dončić,2022-04-06,23-037,DAL,@,DET,W 131-113,*,34,8,21,.381,6,10,.600,2,11,.182,8,13,.615,.487,1,7,8,14,1,0,6,4,26,18.5,-2.7,17,G-F,doncilu01
191,Luka Dončić,2022-04-08,23-039,DAL,,POR,W 128-78,*,30,12,21,.571,5,7,.714,7,14,.500,8,11,.727,.755,0,11,11,7,0,1,5,0,39,31.8,18.2,41,G-F,doncilu01
192,Luka Dončić,2022-04-10,23-041,DAL,,SAS,W 130-120,*,29,8,18,.444,6,13,.462,2,5,.400,8,8,1.000,.604,1,7,8,9,2,1,4,1,26,24.0,9.0,19,G-F,doncilu01
193,Luka Dončić,2022-10-19,23-233,DAL,@,PHO,L 105-107,*,37,10,23,.435,8,13,.615,2,10,.200,13,13,1.000,.609,0,9,9,6,1,0,4,3,35,25.6,7.3,-16,G-F,doncilu01
194,Luka Dončić,2022-10-22,23-236,DAL,,MEM,W 137-96,*,30,12,23,.522,8,14,.571,4,9,.444,4,5,.800,.635,2,5,7,10,2,2,3,2,32,29.8,22.6,31,G-F,doncilu01
195,Luka Dončić,2022-10-25,23-239,DAL,@,NOP,L 111-113,*,36,16,30,.533,14,17,.824,2,13,.154,3,5,.600,.575,3,8,11,7,2,1,3,3,37,29.5,11.2,6,G-F,doncilu01
196,Luka Dončić,2022-10-27,23-241,DAL,@,BRK,W 129-125 (OT),*,41,14,28,.500,12,22,.545,2,6,.333,11,13,.846,.608,1,10,11,14,3,0,5,2,41,36.9,12.7,20,G-F,doncilu01
197,Luka Dončić,2022-10-29,23-243,DAL,,OKC,L 111-117 (OT),*,40,8,23,.348,8,17,.471,0,6,.000,15,19,.789,.494,2,14,16,10,1,0,3,6,31,24.7,8.7,-25,G-F,doncilu01
198,Luka Dončić,2022-10-30,23-244,DAL,,ORL,W 114-105,*,37,17,26,.654,15,17,.882,2,9,.222,8,14,.571,.684,0,3,3,5,1,0,0,3,44,34.4,15.9,13,G-F,doncilu01
199,Luka Dončić,2022-11-02,23-247,DAL,,UTA,W 103-100,*,35,12,20,.600,10,14,.714,2,6,.333,7,10,.700,.676,0,5,5,11,2,0,5,3,33,27.6,14.7,-3,G-F,doncilu01
200,Luka Dončić,2022-11-04,23-249,DAL,,TOR,W 111-110,*,37,10,15,.667,7,9,.778,3,6,.500,12,14,.857,.827,1,7,8,6,3,1,4,4,35,32.8,16.8,8,G-F,doncilu01
201,Luka Dončić,2022-11-07,23-252,DAL,,BRK,W 96-94,*,38,11,22,.500,6,13,.462,5,9,.556,9,12,.750,.660,0,6,6,6,2,1,5,5,36,25.5,14.8,1,G-F,doncilu01
202,Luka Dončić,2022-11-09,23-254,DAL,@,ORL,L 87-94,*,35,9,29,.310,7,18,.389,2,11,.182,4,7,.571,.374,0,6,6,6,3,2,0,3,24,15.3,6.8,-3,G-F,doncilu01
203,Luka Dončić,2022-11-10,23-255,DAL,@,WAS,L 105-113,*,39,8,21,.381,5,13,.385,3,8,.375,3,9,.333,.441,0,9,9,6,2,0,5,2,22,11.2,-5.0,-6,G-F,doncilu01
204,Luka Dončić,2022-11-12,23-257,DAL,,POR,W 117-112,*,38,13,22,.591,12,17,.706,1,5,.200,15,18,.833,.702,3,10,13,10,2,1,2,3,42,42.2,20.8,6,G-F,doncilu01
205,Luka Dončić,2022-11-15,23-260,DAL,,LAC,W 103-101,*,40,11,22,.500,9,17,.529,2,5,.400,11,11,1.000,.652,2,9,11,5,3,0,3,3,35,30.4,11.6,4,G-F,doncilu01
206,Luka Dončić,2022-11-18,23-263,DAL,,DEN,W 127-99,*,35,11,22,.500,9,15,.600,2,7,.286,9,11,.818,.615,1,11,12,11,1,0,2,1,33,31.5,10.0,25,G-F,doncilu01
207,Luka Dončić,2022-11-20,23-265,DAL,,DEN,L 97-98,*,36,7,16,.438,5,8,.625,2,8,.250,6,10,.600,.539,0,9,9,8,1,0,4,2,22,16.5,2.7,1,G-F,doncilu01
208,Luka Dončić,2022-11-23,23-268,DAL,@,BOS,L 112-125,*,40,17,28,.607,14,20,.700,3,8,.375,5,9,.556,.657,1,7,8,9,0,0,5,4,42,30.1,9.1,-13,G-F,doncilu01
209,Luka Dončić,2022-11-26,23-271,DAL,@,TOR,L 100-105,*,43,8,15,.533,6,11,.545,2,4,.500,6,9,.667,.633,0,7,7,9,2,1,4,2,24,21.8,6.3,2,G-F,doncilu01
210,Luka Dončić,2022-11-27,23-272,DAL,@,MIL,L 115-124,*,35,10,20,.500,7,13,.538,3,7,.429,4,9,.444,.563,0,5,5,12,0,0,6,2,27,18.1,1.0,-10,G-F,doncilu01
211,Luka Dončić,2022-11-29,23-274,DAL,,GSW,W 116-113,*,39,14,27,.519,10,18,.556,4,9,.444,9,15,.600,.610,2,10,12,12,4,1,5,3,41,36.6,19.8,22,G-F,doncilu01
212,Luka Dončić,2022-12-01,23-276,DAL,@,DET,L 125-131 (OT),*,41,13,25,.520,6,11,.545,7,14,.500,2,6,.333,.633,0,5,5,10,3,0,3,3,35,28.4,10.4,-13,G-F,doncilu01
213,Luka Dončić,2022-12-03,23-278,DAL,@,NYK,W 121-100,*,29,11,21,.524,7,12,.583,4,9,.444,4,4,1.000,.659,0,8,8,7,1,3,5,2,30,24.3,16.2,13,G-F,doncilu01
214,Luka Dončić,2022-12-05,23-280,DAL,,PHO,W 130-111,*,29,12,20,.600,8,11,.727,4,9,.444,5,7,.714,.715,1,5,6,8,1,2,3,3,33,29.0,17.1,20,G-F,doncilu01
215,Luka Dončić,2022-12-06,23-281,DAL,@,DEN,W 116-115,*,37,5,17,.294,1,8,.125,4,9,.444,8,9,.889,.525,0,10,10,12,0,1,5,2,22,18.0,1.1,7,G-F,doncilu01
216,Luka Dončić,2022-12-09,23-284,DAL,,MIL,L 105-106,*,37,13,28,.464,10,17,.588,3,11,.273,4,10,.400,.509,1,5,6,11,2,0,1,2,33,26.3,14.7,6,G-F,doncilu01
217,Luka Dončić,2022-12-12,23-287,DAL,,OKC,W 121-114,*,37,13,27,.481,10,17,.588,3,10,.300,9,10,.900,.605,0,11,11,8,0,0,4,3,38,27.6,8.0,1,G-F,doncilu01
218,Luka Dončić,2022-12-14,23-289,DAL,,CLE,L 90-105,*,39,9,23,.391,7,15,.467,2,8,.250,10,11,.909,.539,2,3,5,6,1,1,5,4,30,18.7,5.3,-20,G-F,doncilu01
219,Luka Dončić,2022-12-16,23-291,DAL,,POR,W 130-110,*,29,11,18,.611,6,9,.667,5,9,.556,6,7,.857,.783,0,6,6,9,0,0,4,3,33,27.3,13.1,16,G-F,doncilu01
220,Luka Dončić,2022-12-19,23-294,DAL,@,MIN,L 106-116,*,28,5,17,.294,2,9,.222,3,8,.375,6,7,.857,.473,1,5,6,7,1,0,4,2,19,12.0,-1.7,-14,G-F,doncilu01
221,Luka Dončić,2022-12-21,23-296,DAL,@,MIN,W 104-99,*,37,8,16,.500,7,11,.636,1,5,.200,8,9,.889,.626,1,8,9,10,3,0,4,1,25,25.3,12.6,7,G-F,doncilu01
222,Luka Dončić,2022-12-23,23-298,DAL,@,HOU,W 112-106,*,42,17,30,.567,11,18,.611,6,12,.500,10,12,.833,.709,0,8,8,10,3,0,7,3,50,39.2,16.5,0,G-F,doncilu01
223,Luka Dončić,2022-12-25,23-300,DAL,,LAL,W 124-115,*,39,9,16,.563,7,13,.538,2,3,.667,12,16,.750,.694,3,6,9,9,2,0,3,5,32,30.0,9.7,24,G-F,doncilu01
224,Luka Dončić,2022-12-27,23-302,DAL,,NYK,W 126-121 (OT),*,47,21,31,.677,19,25,.760,2,6,.333,16,22,.727,.737,5,16,21,10,2,1,4,5,60,56.3,25.3,7,G-F,doncilu01
225,Luka Dončić,2022-12-29,23-304,DAL,,HOU,W 129-114,*,34,11,21,.524,7,12,.583,4,9,.444,9,12,.750,.666,1,11,12,13,1,2,2,1,35,36.6,20.4,19,G-F,doncilu01
226,Luka Dončić,2022-12-31,23-306,DAL,@,SAS,W 126-125,*,37,18,29,.621,12,19,.632,6,10,.600,9,15,.600,.716,1,5,6,9,4,1,0,3,51,47.5,27.7,7,G-F,doncilu01
227,Luka Dončić,2023-01-02,23-308,DAL,@,HOU,W 111-106,*,41,10,26,.385,9,17,.529,1,9,.111,18,22,.818,.547,2,10,12,8,1,0,4,2,39,29.4,4.6,9,G-F,doncilu01
228,Luka Dončić,2023-01-05,23-311,DAL,,BOS,L 95-124,*,31,7,23,.304,7,17,.412,0,6,.000,9,11,.818,.413,0,9,9,3,0,0,4,4,23,8.1,-6.1,-20,G-F,doncilu01
229,Luka Dončić,2023-01-07,23-313,DAL,,NOP,W 127-117,*,39,10,23,.435,7,17,.412,3,6,.500,11,15,.733,.574,0,10,10,10,0,1,7,4,34,22.4,-2.1,7,G-F,doncilu01
230,Luka Dončić,2023-01-10,23-316,DAL,@,LAC,L 101-113,*,43,12,22,.545,9,13,.692,3,9,.333,16,21,.762,.688,0,11,11,7,2,0,3,2,43,36.8,15.4,-9,G-F,doncilu01
231,Luka Dončić,2023-01-12,23-318,DAL,@,LAL,W 119-115 (2OT),*,53,14,28,.500,10,19,.526,4,9,.444,3,7,.429,.563,2,12,14,13,1,1,5,5,35,28.2,7.8,10,G-F,doncilu01
232,Luka Dončić,2023-01-14,23-320,DAL,@,POR,L 119-136,*,36,7,19,.368,7,14,.500,0,5,.000,1,6,.167,.347,0,6,6,10,1,1,1,2,15,11.2,-8.9,-17,G-F,doncilu01
233,Luka Dončić,2023-01-18,23-324,DAL,,ATL,L 122-130,*,39,9,19,.474,7,11,.636,2,8,.250,10,12,.833,.618,0,4,4,8,0,0,7,3,30,18.1,-4.1,-5,G-F,doncilu01
234,Luka Dončić,2023-01-20,23-326,DAL,,MIA,W 115-90,*,38,12,24,.500,7,16,.438,5,8,.625,5,8,.625,.618,1,11,12,7,1,0,3,0,34,27.7,13.1,29,G-F,doncilu01
235,Luka Dončić,2023-01-22,23-328,DAL,,LAC,L 98-112,*,39,9,21,.429,6,14,.429,3,7,.429,8,13,.615,.543,3,7,10,4,1,0,4,3,29,18.7,3.6,-23,G-F,doncilu01
236,Luka Dončić,2023-01-24,23-330,DAL,,WAS,L 126-127,*,38,16,29,.552,16,25,.640,0,4,.000,9,12,.750,.598,0,15,15,6,1,0,3,3,41,31.4,4.2,-2,G-F,doncilu01
237,Luka Dončić,2023-01-26,23-332,DAL,@,PHO,W 99-95,*,3,0,2,.000,0,1,.000,0,1,.000,0,0,,.000,0,1,1,0,0,0,0,0,0,-1.1,-31.6,-4,G-F,doncilu01
238,Luka Dončić,2023-01-30,23-336,DAL,,DET,W 111-105,*,36,17,24,.708,12,13,.923,5,11,.455,14,18,.778,.830,0,8,8,5,2,0,4,2,53,44.5,28.3,8,G-F,doncilu01
239,Luka Dončić,2023-02-02,23-339,DAL,,NOP,W 111-106,*,23,12,19,.632,10,12,.833,2,7,.286,5,8,.625,.688,0,8,8,4,2,0,4,2,31,23.7,19.1,17,G-F,doncilu01
240,Luka Dončić,2023-02-11,23-348,DAL,@,SAC,L 128-133 (OT),*,41,11,20,.550,9,11,.818,2,9,.222,3,5,.600,.608,1,8,9,5,0,0,6,0,27,17.2,-3.8,2,G-F,doncilu01
241,Luka Dončić,2023-02-13,23-350,DAL,,MIN,L 121-124,*,36,10,20,.500,8,13,.615,2,7,.286,11,15,.733,.620,1,11,12,6,1,0,4,3,33,25.4,4.7,-12,G-F,doncilu01
242,Luka Dončić,2023-02-15,23-352,DAL,@,DEN,L 109-118,*,35,12,22,.545,9,14,.643,3,8,.375,10,12,.833,.678,1,3,4,9,4,0,2,1,37,35.1,20.1,-12,G-F,doncilu01
243,Luka Dončić,2023-02-23,23-360,DAL,,SAS,W 142-116,*,30,8,16,.500,7,10,.700,1,6,.167,11,12,.917,.658,0,7,7,10,2,2,1,0,28,31.1,13.2,8,G-F,doncilu01
244,Luka Dončić,2023-02-26,23-363,DAL,,LAL,L 108-111,*,36,10,22,.455,6,14,.429,4,8,.500,2,4,.500,.547,0,9,9,5,1,0,6,3,26,13.8,0.0,-8,G-F,doncilu01
245,Luka Dončić,2023-02-28,24-000,DAL,,IND,L 122-124,*,38,14,25,.560,11,16,.688,3,9,.333,8,12,.667,.644,1,7,8,6,0,1,2,3,39,30.0,9.7,-2,G-F,doncilu01
246,Luka Dončić,2023-03-02,24-002,DAL,,PHI,W 133-126,*,40,13,22,.591,6,9,.667,7,13,.538,9,11,.818,.782,1,3,4,12,1,0,5,2,42,36.2,14.4,20,G-F,doncilu01
247,Luka Dončić,2023-03-05,24-005,DAL,,PHO,L 126-130,*,35,8,23,.348,7,14,.500,1,9,.111,17,19,.895,.542,0,9,9,4,0,0,5,4,34,19.2,-7.4,-11,G-F,doncilu01
248,Luka Dončić,2023-03-07,24-007,DAL,,UTA,W 120-116,*,34,10,23,.435,6,12,.500,4,11,.364,5,8,.625,.547,1,9,10,6,2,1,6,2,29,19.2,1.4,2,G-F,doncilu01
249,Luka Dončić,2023-03-08,24-008,DAL,@,NOP,L 106-113,*,28,4,14,.286,3,9,.333,1,5,.200,6,8,.750,.428,0,3,3,8,1,0,1,0,15,12.5,3.3,-4,G-F,doncilu01
250,Luka Dončić,2023-03-22,24-022,DAL,,GSW,L 125-127,*,41,11,27,.407,9,17,.529,2,10,.200,6,10,.600,.478,1,6,7,17,1,0,5,3,30,23.1,1.3,2,G-F,doncilu01
251,Luka Dončić,2023-03-24,24-024,DAL,,CHO,L 109-117,*,37,12,23,.522,10,14,.714,2,9,.222,8,10,.800,.620,0,10,10,8,0,1,5,0,34,26.2,6.7,-1,G-F,doncilu01
252,Luka Dončić,2023-03-26,24-026,DAL,@,CHO,L 104-110,*,40,12,29,.414,5,13,.385,7,16,.438,9,10,.900,.599,1,11,12,8,2,2,4,2,40,32.3,14.9,-11,G-F,doncilu01
253,Luka Dončić,2023-03-27,24-027,DAL,@,IND,W 127-104,*,28,8,17,.471,4,7,.571,4,10,.400,5,5,1.000,.651,2,5,7,6,1,0,0,0,25,24.4,11.8,9,G-F,doncilu01
254,Luka Dončić,2023-03-29,24-029,DAL,@,PHI,L 108-116,*,37,9,20,.450,5,11,.455,4,9,.444,2,2,1.000,.575,1,9,10,8,0,1,4,3,24,18.1,5.2,-7,G-F,doncilu01
255,Luka Dončić,2023-04-01,24-032,DAL,@,MIA,L 122-129,*,45,17,25,.680,15,19,.789,2,6,.333,6,7,.857,.748,0,10,10,8,2,0,3,4,42,36.9,7.6,-6,G-F,doncilu01
256,Luka Dončić,2023-04-02,24-033,DAL,@,ATL,L 130-132 (OT),*,44,8,21,.381,5,9,.556,3,12,.250,3,4,.750,.483,0,7,7,7,0,1,5,2,22,12.0,-3.9,-1,G-F,doncilu01
257,Luka Dončić,2023-04-05,24-036,DAL,,SAC,W 123-119,*,39,9,19,.474,6,8,.750,3,11,.273,8,10,.800,.620,1,9,10,6,1,0,1,3,29,24.9,5.6,12,G-F,doncilu01
258,Luka Dončić,2023-04-07,24-038,DAL,,CHI,L 112-115,*,13,4,11,.364,4,6,.667,0,5,.000,5,7,.714,.462,0,5,5,3,0,0,0,1,13,9.3,1.6,5,G-F,doncilu01
259,Luka Dončić,2023-10-25,24-239,DAL,@,SAS,W 126-119,*,34,13,25,.520,10,14,.714,3,11,.273,4,7,.571,.588,1,12,13,10,2,0,4,1,33,28.4,12.2,4,G-F,doncilu01
260,Luka Dončić,2023-10-27,24-241,DAL,,BRK,W 125-120,*,36,16,25,.640,7,11,.636,9,14,.643,8,10,.800,.833,1,9,10,7,0,0,0,1,49,45.0,29.1,9,G-F,doncilu01
261,Luka Dončić,2023-10-30,24-244,DAL,@,MEM,W 125-110,*,40,11,22,.500,5,10,.500,6,12,.500,7,10,.700,.663,0,12,12,12,1,1,6,4,35,28.9,7.8,6,G-F,doncilu01
262,Luka Dončić,2023-11-01,24-246,DAL,,CHI,W 114-105,*,40,5,16,.313,4,8,.500,1,8,.125,7,9,.778,.451,0,7,7,10,2,1,6,2,18,13.0,-3.9,11,G-F,doncilu01
263,Luka Dončić,2023-11-03,24-248,DAL,@,DEN,L 114-125,*,38,11,24,.458,5,13,.385,6,11,.545,6,7,.857,.628,3,7,10,8,0,1,9,2,34,21.9,0.8,-4,G-F,doncilu01
264,Luka Dončić,2023-11-05,24-250,DAL,,CHO,W 124-118,*,36,8,19,.421,7,10,.700,1,9,.111,6,7,.857,.521,1,11,12,9,0,1,4,3,23,18.3,-0.9,3,G-F,doncilu01
265,Luka Dončić,2023-11-06,24-251,DAL,@,ORL,W 117-102,*,35,9,17,.529,4,7,.571,5,10,.500,6,6,1.000,.738,0,3,3,6,2,0,6,2,29,21.0,8.2,7,G-F,doncilu01
266,Luka Dončić,2023-11-08,24-253,DAL,,TOR,L 116-127,*,38,11,26,.423,9,16,.563,2,10,.200,7,10,.700,.510,0,7,7,8,4,1,4,3,31,23.2,3.9,-7,G-F,doncilu01
267,Luka Dončić,2023-11-10,24-255,DAL,,LAC,W 144-126,*,32,17,21,.810,11,12,.917,6,9,.667,4,4,1.000,.967,0,6,6,6,1,0,1,1,44,41.7,29.3,32,G-F,doncilu01
268,Luka Dončić,2023-11-12,24-257,DAL,@,NOP,W 136-124,*,28,11,18,.611,7,9,.778,4,9,.444,4,5,.800,.743,0,4,4,9,1,0,2,0,30,27.9,16.9,14,G-F,doncilu01
269,Luka Dončić,2023-11-14,24-259,DAL,@,NOP,L 110-131,*,26,5,16,.313,2,11,.182,3,5,.600,3,5,.600,.440,1,1,2,2,0,0,8,0,16,0.4,-16.8,-26,G-F,doncilu01
270,Luka Dončić,2023-11-15,24-260,DAL,@,WAS,W 130-117,*,32,7,18,.389,3,7,.429,4,11,.364,8,12,.667,.558,1,6,7,10,0,0,3,2,26,20.3,2.3,12,G-F,doncilu01
271,Luka Dončić,2023-11-18,24-263,DAL,@,MIL,L 125-132,*,35,15,26,.577,11,17,.647,4,9,.444,1,4,.250,.630,1,8,9,9,0,0,3,1,35,27.6,10.8,-17,G-F,doncilu01
272,Luka Dončić,2023-11-19,24-264,DAL,,SAC,L 113-129,*,32,7,19,.368,4,12,.333,3,7,.429,8,10,.800,.534,1,9,10,7,3,0,2,0,25,23.0,10.4,-14,G-F,doncilu01
273,Luka Dončić,2023-11-22,24-267,DAL,@,LAL,W 104-101,*,39,10,26,.385,7,14,.500,3,12,.250,7,8,.875,.508,0,12,12,8,2,0,0,2,30,25.8,12.6,-11,G-F,doncilu01
274,Luka Dončić,2023-11-25,24-270,DAL,@,LAC,L 88-107,*,38,12,27,.444,11,19,.579,1,8,.125,5,5,1.000,.514,0,3,3,4,2,2,4,4,30,17.4,7.0,-14,G-F,doncilu01
275,Luka Dončić,2023-11-28,24-273,DAL,,HOU,W 121-115,*,38,15,29,.517,12,19,.632,3,10,.300,8,9,.889,.622,0,9,9,9,2,0,0,3,41,36.1,17.3,12,G-F,doncilu01
276,Luka Dončić,2023-12-02,24-277,DAL,,OKC,L 120-126,*,46,11,22,.500,6,9,.667,5,13,.385,9,14,.643,.639,2,13,15,18,2,2,7,2,36,36.5,14.3,-7,G-F,doncilu01
277,Luka Dončić,2023-12-06,24-281,DAL,,UTA,W 147-97,*,32,14,25,.560,8,13,.615,6,12,.500,6,8,.750,.701,2,8,10,11,1,0,4,2,40,35.0,15.7,34,G-F,doncilu01
278,Luka Dončić,2023-12-08,24-283,DAL,@,POR,W 125-112,*,41,11,28,.393,8,14,.571,3,14,.214,7,8,.875,.508,0,6,6,10,1,1,5,1,32,21.5,0.3,13,G-F,doncilu01
279,Luka Dončić,2023-12-11,24-286,DAL,@,MEM,W 120-113,*,44,9,21,.429,4,11,.364,5,10,.500,12,13,.923,.655,0,8,8,6,2,2,3,3,35,29.3,6.0,3,G-F,doncilu01
280,Luka Dončić,2023-12-12,24-287,DAL,,LAL,W 127-125,*,43,12,28,.429,9,18,.500,3,10,.300,6,6,1.000,.539,0,6,6,17,1,0,4,0,33,28.9,4.3,10,G-F,doncilu01
281,Luka Dončić,2023-12-14,24-289,DAL,,MIN,L 101-119,*,39,15,27,.556,13,20,.650,2,7,.286,7,7,1.000,.648,1,5,6,13,2,0,8,2,39,30.6,13.4,-12,G-F,doncilu01
282,Luka Dončić,2023-12-16,24-291,DAL,@,POR,W 131-120,*,37,15,28,.536,11,16,.688,4,12,.333,6,6,1.000,.653,2,10,12,10,1,0,4,3,40,33.6,10.9,-4,G-F,doncilu01
283,Luka Dončić,2023-12-18,24-293,DAL,@,DEN,L 104-130,*,36,13,24,.542,7,12,.583,6,12,.500,6,10,.600,.669,3,8,11,8,0,0,3,1,38,31.5,19.3,-29,G-F,doncilu01
284,Luka Dončić,2023-12-20,24-295,DAL,,LAC,L 111-120,*,44,9,25,.360,7,14,.500,2,11,.182,8,14,.571,.449,1,8,9,10,1,0,5,1,28,17.4,-2.9,-4,G-F,doncilu01
285,Luka Dončić,2023-12-23,24-298,DAL,,SAS,W 144-119,*,32,13,27,.481,8,17,.471,5,10,.500,8,11,.727,.612,2,10,12,10,1,1,2,1,39,34.8,13.8,37,G-F,doncilu01
286,Luka Dončić,2023-12-25,24-300,DAL,@,PHO,W 128-114,*,44,15,25,.600,7,9,.778,8,16,.500,12,12,1.000,.826,1,5,6,15,4,3,4,2,50,52.5,30.2,16,G-F,doncilu01
287,Luka Dončić,2023-12-27,24-302,DAL,,CLE,L 110-113,*,37,14,29,.483,11,19,.579,3,10,.300,8,10,.800,.584,0,7,7,6,2,2,5,0,39,28.2,10.5,-9,G-F,doncilu01
288,Luka Dončić,2023-12-30,24-305,DAL,@,GSW,W 132-122,*,38,14,29,.483,9,16,.563,5,13,.385,6,7,.857,.608,0,8,8,10,1,1,4,3,39,29.8,7.0,9,G-F,doncilu01
289,Luka Dončić,2024-01-01,24-307,DAL,@,UTA,L 90-127,*,34,6,20,.300,3,7,.429,3,13,.231,4,6,.667,.420,0,6,6,14,1,0,4,1,19,14.8,4.2,-17,G-F,doncilu01
290,Luka Dončić,2024-01-03,24-309,DAL,,POR,W 126-97,*,31,13,21,.619,9,14,.643,4,7,.571,11,14,.786,.755,0,6,6,5,1,0,4,1,41,32.2,14.6,23,G-F,doncilu01
291,Luka Dončić,2024-01-07,24-313,DAL,,MIN,W 115-108,*,39,12,26,.462,7,14,.500,5,12,.417,5,8,.625,.576,0,6,6,8,1,0,3,3,34,23.6,8.6,5,G-F,doncilu01
292,Luka Dončić,2024-01-09,24-315,DAL,,MEM,L 103-120,*,36,9,21,.429,7,13,.538,2,8,.250,11,15,.733,.562,0,6,6,6,3,0,3,1,31,23.9,7.0,-14,G-F,doncilu01
293,Luka Dončić,2024-01-17,24-323,DAL,@,LAL,L 110-127,*,36,12,24,.500,10,15,.667,2,9,.222,7,9,.778,.590,0,13,13,10,2,2,4,2,33,29.7,13.9,-15,G-F,doncilu01
294,Luka Dončić,2024-01-22,24-328,DAL,,BOS,L 110-119,*,40,12,30,.400,10,22,.455,2,8,.250,7,11,.636,.474,5,13,18,13,2,0,3,5,33,28.7,11.7,-13,G-F,doncilu01
295,Luka Dončić,2024-01-24,24-330,DAL,,PHO,L 109-132,*,39,11,24,.458,7,13,.538,4,11,.364,8,12,.667,.581,1,7,8,9,1,2,5,1,34,26.1,8.6,-22,G-F,doncilu01
296,Luka Dončić,2024-01-26,24-332,DAL,@,ATL,W 148-143,*,45,25,33,.758,17,20,.850,8,13,.615,15,16,.938,.912,0,10,10,7,1,0,4,1,73,64.0,20.8,13,G-F,doncilu01
297,Luka Dončić,2024-01-27,24-333,DAL,,SAC,L 115-120,*,46,9,26,.346,8,17,.471,1,9,.111,9,12,.750,.448,2,8,10,17,2,1,3,3,28,26.4,5.6,2,G-F,doncilu01
298,Luka Dončić,2024-01-29,24-335,DAL,,ORL,W 131-129,*,43,12,23,.522,9,15,.600,3,8,.375,18,21,.857,.698,0,9,9,15,2,0,4,4,45,42.1,10.4,3,G-F,doncilu01
299,Luka Dončić,2024-02-03,24-340,DAL,,MIL,L 117-129,*,42,13,26,.500,9,14,.643,4,12,.333,10,11,.909,.649,1,8,9,11,1,0,9,4,40,27.8,2.5,-12,G-F,doncilu01
300,Luka Dončić,2024-02-05,24-342,DAL,@,PHI,W 118-102,*,36,6,15,.400,2,5,.400,4,10,.400,3,5,.600,.552,0,8,8,3,1,0,3,3,19,11.4,-4.3,17,G-F,doncilu01
301,Luka Dončić,2024-02-06,24-343,DAL,@,BRK,W 119-107,*,43,13,27,.481,9,16,.563,4,11,.364,5,10,.500,.557,1,17,18,9,2,1,1,3,35,31.9,9.5,6,G-F,doncilu01
302,Luka Dončić,2024-02-08,24-345,DAL,@,NYK,W 122-108,*,40,13,24,.542,6,10,.600,7,14,.500,6,7,.857,.720,0,8,8,11,4,1,3,1,39,38.4,19.1,18,G-F,doncilu01
303,Luka Dončić,2024-02-10,24-347,DAL,,OKC,W 146-111,*,31,9,14,.643,5,6,.833,4,8,.500,10,13,.769,.811,0,8,8,9,0,0,3,3,32,29.1,14.6,18,G-F,doncilu01
304,Luka Dončić,2024-02-12,24-349,DAL,,WAS,W 112-104,*,37,8,16,.500,6,9,.667,2,7,.286,8,11,.727,.624,1,10,11,15,1,2,5,3,26,27.2,12.8,19,G-F,doncilu01
305,Luka Dončić,2024-02-14,24-351,DAL,,SAS,W 116-93,*,31,11,20,.550,10,12,.833,1,8,.125,4,4,1.000,.620,0,9,9,8,2,1,5,2,27,22.6,8.5,25,G-F,doncilu01
306,Luka Dončić,2024-02-22,24-359,DAL,,PHO,W 123-113,*,38,14,27,.519,8,16,.500,6,11,.545,7,7,1.000,.682,0,9,9,11,3,0,3,4,41,36.5,19.2,9,G-F,doncilu01
307,Luka Dončić,2024-02-25,24-362,DAL,@,IND,L 111-133,*,33,10,21,.476,6,13,.462,4,8,.500,9,12,.750,.628,1,5,6,6,1,2,3,4,33,25.3,10.5,-13,G-F,doncilu01
308,Luka Dončić,2024-02-27,24-364,DAL,@,CLE,L 119-121,*,41,17,29,.586,11,18,.611,6,11,.545,5,5,1.000,.721,0,9,9,14,3,0,1,1,45,45.6,23.6,13,G-F,doncilu01
309,Luka Dončić,2024-02-28,25-000,DAL,@,TOR,W 136-125,*,36,11,23,.478,10,15,.667,1,8,.125,7,9,.778,.556,1,11,12,16,2,0,5,3,30,28.5,7.1,11,G-F,doncilu01
310,Luka Dončić,2024-03-01,25-002,DAL,@,BOS,L 110-138,*,37,14,25,.560,11,16,.688,3,9,.333,6,8,.750,.649,3,9,12,11,0,0,2,3,37,33.6,17.1,-20,G-F,doncilu01
311,Luka Dončić,2024-03-03,25-004,DAL,,PHI,L 116-120,*,40,14,27,.519,10,17,.588,4,10,.400,6,6,1.000,.641,2,9,11,10,1,0,7,2,38,29.0,9.3,9,G-F,doncilu01
312,Luka Dončić,2024-03-05,25-006,DAL,,IND,L 120-137,*,43,15,30,.500,11,17,.647,4,13,.308,5,6,.833,.597,0,10,10,11,0,0,5,4,39,27.7,4.2,-18,G-F,doncilu01
313,Luka Dončić,2024-03-07,25-008,DAL,,MIA,W 114-108,*,40,12,24,.500,5,11,.455,7,13,.538,4,4,1.000,.679,0,11,11,11,1,0,4,2,35,30.2,14.7,11,G-F,doncilu01
314,Luka Dončić,2024-03-09,25-010,DAL,@,DET,W 142-124,*,37,13,24,.542,9,11,.818,4,13,.308,9,10,.900,.687,0,10,10,10,3,2,6,1,39,35.0,11.5,13,G-F,doncilu01
315,Luka Dončić,2024-03-11,25-012,DAL,@,CHI,W 127-92,*,34,9,23,.391,3,8,.375,6,15,.400,3,4,.750,.545,2,10,12,14,1,0,2,2,27,26.5,13.4,34,G-F,doncilu01
316,Luka Dončić,2024-03-13,25-014,DAL,,GSW,W 109-99,*,30,7,18,.389,6,12,.500,1,6,.167,6,8,.750,.488,1,2,3,9,0,0,6,0,21,12.0,-3.6,14,G-F,doncilu01
317,Luka Dončić,2024-03-17,25-018,DAL,,DEN,W 107-105,*,40,12,27,.444,7,16,.438,5,11,.455,8,10,.800,.589,4,6,10,3,2,0,3,3,37,26.6,14.7,-1,G-F,doncilu01
318,Luka Dončić,2024-03-19,25-020,DAL,@,SAS,W 113-107,*,40,6,27,.222,4,15,.267,2,12,.167,4,5,.800,.308,0,10,10,16,1,0,4,0,18,12.3,-3.6,5,G-F,doncilu01
319,Luka Dončić,2024-03-21,25-022,DAL,,UTA,W 113-97,*,35,11,23,.478,7,13,.538,4,10,.400,8,12,.667,.601,1,8,9,8,4,0,4,2,34,28.6,14.5,-3,G-F,doncilu01
320,Luka Dončić,2024-03-25,25-026,DAL,@,UTA,W 115-105,*,41,10,24,.417,8,13,.615,2,11,.182,7,8,.875,.527,2,10,12,13,1,1,4,3,29,25.8,5.3,10,G-F,doncilu01
321,Luka Dončić,2024-03-26,25-027,DAL,@,SAC,W 132-96,*,32,10,18,.556,6,10,.600,4,8,.500,4,5,.800,.693,1,10,11,6,2,0,4,4,28,23.3,7.2,18,G-F,doncilu01
322,Luka Dončić,2024-03-29,25-030,DAL,@,SAC,W 107-103,*,41,6,14,.429,2,6,.333,4,8,.500,10,14,.714,.645,0,9,9,12,2,0,5,2,26,24.3,9.7,6,G-F,doncilu01
323,Luka Dončić,2024-03-31,25-032,DAL,@,HOU,W 125-107,*,35,18,30,.600,9,14,.643,9,16,.563,2,5,.400,.730,0,12,12,7,2,0,4,1,47,38.1,21.2,12,G-F,doncilu01
324,Luka Dončić,2024-04-02,25-034,DAL,@,GSW,L 100-104,*,39,11,22,.500,6,11,.545,5,11,.455,3,4,.750,.631,1,11,12,11,0,0,5,1,30,24.9,10.4,9,G-F,doncilu01
325,Luka Dončić,2024-04-04,25-036,DAL,,ATL,W 109-95,*,37,8,25,.320,2,10,.200,6,15,.400,3,3,1.000,.475,0,12,12,8,2,1,5,3,25,16.4,5.7,21,G-F,doncilu01
326,Luka Dončić,2024-04-07,25-039,DAL,,HOU,W 147-136 (OT),*,45,12,21,.571,8,11,.727,4,10,.400,9,9,1.000,.741,2,7,9,12,0,2,7,5,37,31.4,8.1,20,G-F,doncilu01